{
  "name": "techniekv2",
  "version": "0.1.0",
  "private": true,
  "scripts": {
    "dev": "node server.js",
    "build": "next build",
    "start": "NODE_ENV=production node server.js"
  },
  "prisma": {
    "seed": "tsx prisma/seed.ts"
  },
  "dependencies": {
    "@nextui-org/input": "^2.2.5",
    "@nextui-org/react": "^2.4.8",
    "@nextui-org/system": "^2.2.6",
    "@nextui-org/theme": "^2.2.11",
    "@prisma/client": "^5.21.1",
    "@radix-ui/react-alert-dialog": "^1.1.2",
    "@radix-ui/react-avatar": "^1.1.1",
    "@radix-ui/react-collapsible": "^1.1.1",
    "@radix-ui/react-dialog": "^1.1.2",
    "@radix-ui/react-dropdown-menu": "^2.1.2",
    "@radix-ui/react-icons": "^1.3.1",
    "@radix-ui/react-label": "^2.1.0",
    "@radix-ui/react-menubar": "^1.1.2",
    "@radix-ui/react-scroll-area": "^1.2.0",
    "@radix-ui/react-select": "^2.1.2",
    "@radix-ui/react-separator": "^1.1.0",
    "@radix-ui/react-slot": "^1.1.0",
    "@radix-ui/react-toast": "^1.2.2",
    "@radix-ui/react-tooltip": "^1.1.3",
    "@react-oauth/google": "^0.12.1",
    "@tanstack/react-table": "^8.20.5",
    "@types/bcrypt": "^5.0.2",
    "axios": "^1.7.7",
    "bcrypt": "^5.1.1",
    "class-variance-authority": "^0.7.0",
    "clsx": "^2.1.1",
    "date-fns": "^4.1.0",
    "formidable": "^3.5.2",
    "framer-motion": "^11.11.11",
    "ical.js": "^2.1.0",
    "lucide-react": "^0.454.0",
    "moment": "^2.30.1",
    "multer": "^1.4.5-lts.1",
    "next": "^14.2.16",
    "next-auth": "^4.24.10",
    "pdf-lib": "^1.17.1",
    "prettier-plugin-tailwindcss": "^0.6.8",
    "react": "^18",
    "react-big-calendar": "^1.15.0",
    "react-dom": "^18",
    "tailwind-merge": "^2.5.4",
    "tailwindcss-animate": "^1.0.7"
  },
  "devDependencies": {
    "@types/formidable": "^3.4.5",
    "@types/node": "^20.17.5",
    "@types/react": "18.3.12",
    "@types/react-dom": "^18",
    "eslint": "^8",
    "eslint-config-next": "14.2.16",
    "postcss": "^8",
    "prisma": "^5.21.1",
    "tailwindcss": "^3.4.14",
    "ts-node": "^10.9.2",
    "tsx": "^4.19.2",
    "typescript": "^5.6.3"
  }
}
